tipoCurto,IA_Sim,IB_Sim,IC_Sim,IA_Calc,IB_Calc,IC_Calc
1,125.3314,115.2166,105.3058,88.9069,81.483,74.61423
2,93.1697,3.75676,96.5114,67.3316,0.011459,67.3368
3,3.98398,96.9085,93.5702,0.012503,67.3378,67.3306
4,93.022,89.6106,3.8648,64.6419,64.6359,0.0119499
5,3.851,3.8792,3.8649,0.0079669,0.0079669,0.0079669
