tipoCurto,IA_Sim,IB_Sim,IC_Sim,IA_Calc,IB_Calc,IC_Calc
1,94.9869,87.097,83.4835,67.2362,61.5222,59.074
2,72.7544,3.7959,75.6977,52.6142,0.0114329,52.6215
3,4.03366,76.0141,73.0723,0.0124948,52.6223,52.6134
4,73.9909,70.9552,3.91181,51.1809,51.173,0.0119497
5,3.8978,3.9267,3.9119,0.0079668,0.0079668,0.0079668
