tipoCurto,IA_Sim,IB_Sim,IC_Sim,IA_Calc,IB_Calc,IC_Calc
1,95.0761,86.9964,83.5357,67.2362,61.5222,59.074
2,74.4006,0.0161816,74.4109,52.6142,0.0114329,52.6215
3,0.0176818,74.412,74.3995,0.0124948,52.6223,52.6134
4,72.3741,72.363,0.0169116,51.1809,51.173,0.0119497
5,0.011279,0.011279,0.011279,0.0079668,0.0079668,0.0079668
