tipoCurto,Raf,Rbf,Rcf,RaTrif,RbTrif,RcTrif,IA_T2F,IB_T2F,IC_T2F,IA_TRIF,IB_TRIF,IC_TRIF
1,1e-05,1e-05,40,13.33,13.33,13.33,95.07612,86.99636,83.53567,110.287,113.8529,113.8417
2,1e-05,1000000,40,20,1000000,20,74.40058785,0.01618157963,74.41089951,90.155573,2.813575607,92.62639879
3,1000000,1e-05,40,1000000,20,20,0.01768177499,74.41202181,74.39947849,2.49455429,93.86768556,91.69489381
4,20,20,1000000,20,20,1000000,72.37412661,72.36301886,0.01691163875,93.74215166,91.48671455,2.481654483
5,1000000,1000000,1000000,1000000,1000000,1000000,0.01127898532,0.01127898606,0.01127904214,2.492748735,2.813590223,2.493524242
