tipoCurto,Raf,Rbf,Rcf,RaTrif,RbTrif,RcTrif,IA_T2F,IB_T2F,IC_T2F,IA_TRIF,IB_TRIF,IC_TRIF
1,1e-05,1e-05,40,13.33,13.33,13.33,125.3314,115.2166,105.3058,110.287,113.8529,113.8417
2,1e-05,1000000,40,20,1000000,20,93.16966588,3.756763584,96.51139838,90.155573,2.813575607,92.62639879
3,1000000,1e-05,40,1000000,20,20,3.983977776,96.9085499,93.57016692,2.49455429,93.86768556,91.69489381
4,20,20,1000000,20,20,1000000,93.02195343,89.61059919,3.864798558,93.74215166,91.48671455,2.481654483
5,1000000,1000000,1000000,1000000,1000000,1000000,3.850975914,3.879182942,3.864895945,2.492748735,2.813590223,2.493524242
